<?xml version="1.0" encoding="UTF-8"?>
<beans xmlns="http://www.springframework.org/schema/beans"
	xmlns:xsi="http://www.w3.org/2001/XMLSchema-instance"
	xmlns:batch="http://www.springframework.org/schema/batch"
	xsi:schemaLocation="http://www.springframework.org/schema/batch http://www.springframework.org/schema/batch/spring-batch.xsd
		http://www.springframework.org/schema/beans http://www.springframework.org/schema/beans/spring-beans.xsd">

	
	<!-- 일을 저장할 저장소를 만든다. -->
	<bean class="org.springframework.batch.core.repository.support.MapJobRepositoryFactoryBean" id="jobRepository"></bean>
	
	<!-- 일을 실행할 실행기를 만든다. -->
	<bean class="org.springframework.batch.core.launch.support.SimpleJobLauncher" id="jobLauncher">
		<property name="jobRepository" ref="jobRepository"></property>
	</bean>
	
	<!-- 일을 등록한다. -->
	<!-- 읽을때 사용할 객체 -->
	<bean class="org.springframework.batch.item.file.FlatFileItemReader" id="flatFileItemReader" scope="step">
		<property name="resource" value="classpath:ExamResult.txt"></property>
		<property name="lineMapper">
			<bean class="org.springframework.batch.item.file.mapping.DefaultLineMapper">
				<property name="fieldSetMapper">
					<bean class="kr.green.batch.vo.ExamResultFieldSetMapper"></bean>
				</property>
				<property name="lineTokenizer">
					<bean class="org.springframework.batch.item.file.transform.DelimitedLineTokenizer">
						<property name="delimiter" value="|"></property>
					</bean>				
				</property>
			</bean>
		</property>
	</bean>
	<!-- 저장할때 사용할 객체 -->
	<bean class="org.springframework.batch.item.xml.StaxEventItemWriter" id="xmlItemWriter">
		<property name="resource" value="file:xml/ExamResult.xml"></property>
		<property name="rootTagName" value="examResultList"></property>
		<property name="marshaller">
			<bean class="org.springframework.oxm.jaxb.Jaxb2Marshaller">
				<property name="classesToBeBound">
					<list>
						<value>kr.green.batch.vo.ExamResult</value>
					</list>
				</property>			
			</bean>
		</property>
	</bean>
	
	<!-- 아이템 한개 처리시마다 실행할 프로세스 등록 -->
	<bean id="itemProcessor" class="kr.green.batch.vo.ExamResultItemProcessor"></bean>
	<!-- 감시자 등록 : 시작과 종료시 처리 -->
	<bean id="jobListener" class="kr.green.batch.vo.ExamResultJobListener"></bean>
	
	<!-- 트랜젝션메니저 등록 -->
	<bean class="org.springframework.batch.support.transaction.ResourcelessTransactionManager" id="transactionManager"/>
	
	<!-- 실제일을 등록한다. -->
	<batch:job id="examResultJob">
		<batch:step id="step1">
			<batch:tasklet transaction-manager="transactionManager">
				<batch:chunk reader="flatFileItemReader" writer="xmlItemWriter" processor="itemProcessor" commit-interval="10"></batch:chunk>
			</batch:tasklet>
		</batch:step>	
		<batch:listeners>
			<batch:listener ref="jobListener"></batch:listener>
		</batch:listeners>
	</batch:job>
</beans>
