<?xml version="1.0" encoding="UTF-8"?><examResultList><examResult><studentName>Brian Burlet</studentName><dob>1985-02-01</dob><percentage>76.0</percentage></examResult><examResult><studentName>Jimmy Snuka</studentName><dob>1983-02-01</dob><percentage>39.0</percentage></examResult><examResult><studentName>Renard konig</studentName><dob>1970-02-01</dob><percentage>61.0</percentage></examResult><examResult><studentName>Kevin Richard</studentName><dob>2002-02-01</dob><percentage>59.0</percentage></examResult><examResult><studentName>Rita Paul</studentName><dob>1993-02-01</dob><percentage>92.0</percentage></examResult><examResult><studentName>Han Yenn</studentName><dob>1965-01-31</dob><percentage>83.0</percentage></examResult><examResult><studentName>Brian Burlet</studentName><dob>1985-02-01</dob><percentage>76.0</percentage></examResult><examResult><studentName>Jimmy Snuka</studentName><dob>1983-02-01</dob><percentage>39.0</percentage></examResult><examResult><studentName>Renard konig</studentName><dob>1970-02-01</dob><percentage>61.0</percentage></examResult><examResult><studentName>Kevin Richard</studentName><dob>2002-02-01</dob><percentage>59.0</percentage></examResult><examResult><studentName>Rita Paul</studentName><dob>1993-02-01</dob><percentage>92.0</percentage></examResult><examResult><studentName>Han Yenn</studentName><dob>1965-01-31</dob><percentage>83.0</percentage></examResult><examResult><studentName>Brian Burlet</studentName><dob>1985-02-01</dob><percentage>76.0</percentage></examResult><examResult><studentName>Jimmy Snuka</studentName><dob>1983-02-01</dob><percentage>39.0</percentage></examResult><examResult><studentName>Renard konig</studentName><dob>1970-02-01</dob><percentage>61.0</percentage></examResult><examResult><studentName>Kevin Richard</studentName><dob>2002-02-01</dob><percentage>59.0</percentage></examResult><examResult><studentName>Rita Paul</studentName><dob>1993-02-01</dob><percentage>92.0</percentage></examResult><examResult><studentName>Han Yenn</studentName><dob>1965-01-31</dob><percentage>83.0</percentage></examResult><examResult><studentName>Brian Burlet</studentName><dob>1985-02-01</dob><percentage>76.0</percentage></examResult><examResult><studentName>Jimmy Snuka</studentName><dob>1983-02-01</dob><percentage>39.0</percentage></examResult><examResult><studentName>Renard konig</studentName><dob>1970-02-01</dob><percentage>61.0</percentage></examResult><examResult><studentName>Kevin Richard</studentName><dob>2002-02-01</dob><percentage>59.0</percentage></examResult><examResult><studentName>Rita Paul</studentName><dob>1993-02-01</dob><percentage>92.0</percentage></examResult><examResult><studentName>Han Yenn</studentName><dob>1965-01-31</dob><percentage>83.0</percentage></examResult><examResult><studentName>Brian Burlet</studentName><dob>1985-02-01</dob><percentage>76.0</percentage></examResult><examResult><studentName>Jimmy Snuka</studentName><dob>1983-02-01</dob><percentage>39.0</percentage></examResult><examResult><studentName>Renard konig</studentName><dob>1970-02-01</dob><percentage>61.0</percentage></examResult><examResult><studentName>Kevin Richard</studentName><dob>2002-02-01</dob><percentage>59.0</percentage></examResult><examResult><studentName>Rita Paul</studentName><dob>1993-02-01</dob><percentage>92.0</percentage></examResult><examResult><studentName>Han Yenn</studentName><dob>1965-01-31</dob><percentage>83.0</percentage></examResult><examResult><studentName>Brian Burlet</studentName><dob>1985-02-01</dob><percentage>76.0</percentage></examResult><examResult><studentName>Jimmy Snuka</studentName><dob>1983-02-01</dob><percentage>39.0</percentage></examResult><examResult><studentName>Renard konig</studentName><dob>1970-02-01</dob><percentage>61.0</percentage></examResult><examResult><studentName>Kevin Richard</studentName><dob>2002-02-01</dob><percentage>59.0</percentage></examResult><examResult><studentName>Rita Paul</studentName><dob>1993-02-01</dob><percentage>92.0</percentage></examResult><examResult><studentName>Han Yenn</studentName><dob>1965-01-31</dob><percentage>83.0</percentage></examResult><examResult><studentName>Brian Burlet</studentName><dob>1985-02-01</dob><percentage>76.0</percentage></examResult><examResult><studentName>Jimmy Snuka</studentName><dob>1983-02-01</dob><percentage>39.0</percentage></examResult><examResult><studentName>Renard konig</studentName><dob>1970-02-01</dob><percentage>61.0</percentage></examResult><examResult><studentName>Kevin Richard</studentName><dob>2002-02-01</dob><percentage>59.0</percentage></examResult><examResult><studentName>Rita Paul</studentName><dob>1993-02-01</dob><percentage>92.0</percentage></examResult><examResult><studentName>Han Yenn</studentName><dob>1965-01-31</dob><percentage>83.0</percentage></examResult><examResult><studentName>Brian Burlet</studentName><dob>1985-02-01</dob><percentage>76.0</percentage></examResult><examResult><studentName>Jimmy Snuka</studentName><dob>1983-02-01</dob><percentage>39.0</percentage></examResult><examResult><studentName>Renard konig</studentName><dob>1970-02-01</dob><percentage>61.0</percentage></examResult><examResult><studentName>Kevin Richard</studentName><dob>2002-02-01</dob><percentage>59.0</percentage></examResult><examResult><studentName>Rita Paul</studentName><dob>1993-02-01</dob><percentage>92.0</percentage></examResult><examResult><studentName>Han Yenn</studentName><dob>1965-01-31</dob><percentage>83.0</percentage></examResult><examResult><studentName>Brian Burlet</studentName><dob>1985-02-01</dob><percentage>76.0</percentage></examResult><examResult><studentName>Jimmy Snuka</studentName><dob>1983-02-01</dob><percentage>39.0</percentage></examResult><examResult><studentName>Renard konig</studentName><dob>1970-02-01</dob><percentage>61.0</percentage></examResult><examResult><studentName>Kevin Richard</studentName><dob>2002-02-01</dob><percentage>59.0</percentage></examResult><examResult><studentName>Rita Paul</studentName><dob>1993-02-01</dob><percentage>92.0</percentage></examResult><examResult><studentName>Han Yenn</studentName><dob>1965-01-31</dob><percentage>83.0</percentage></examResult><examResult><studentName>Brian Burlet</studentName><dob>1985-02-01</dob><percentage>76.0</percentage></examResult><examResult><studentName>Jimmy Snuka</studentName><dob>1983-02-01</dob><percentage>39.0</percentage></examResult><examResult><studentName>Renard konig</studentName><dob>1970-02-01</dob><percentage>61.0</percentage></examResult><examResult><studentName>Kevin Richard</studentName><dob>2002-02-01</dob><percentage>59.0</percentage></examResult><examResult><studentName>Rita Paul</studentName><dob>1993-02-01</dob><percentage>92.0</percentage></examResult><examResult><studentName>Han Yenn</studentName><dob>1965-01-31</dob><percentage>83.0</percentage></examResult></examResultList>